FlowName,Compartment,Amount,Unit,State
All,water,2466166494.210408,lb,AL
All,water,96223257.57805657,lb,AK
All,water,1056274383.0860102,lb,AZ
All,water,522898916.4076366,lb,AR
All,water,3836644567.3998537,lb,CA
All,water,869904504.8989366,lb,CO
All,water,103727186.26346591,lb,CT
All,water,8382938.036957842,lb,DE
All,water,561695903.5974151,lb,FL
All,water,324269252.354648,lb,GA
All,water,75945539.13960959,lb,HI
All,water,107005134.23390801,lb,ID
All,water,1106505331.4720297,lb,IL
All,water,1660503540.4216397,lb,IN
All,water,304306475.7324855,lb,IA
All,water,257213031.68106025,lb,KS
All,water,797787636.85908,lb,KY
All,water,120207833653.00133,lb,LA
All,water,87576322.12954704,lb,ME
All,water,120245984.30140518,lb,MD
All,water,2387654472.2565136,lb,MA
All,water,1665019406.195661,lb,MI
All,water,2575787338.0180297,lb,MN
All,water,206608823.6331834,lb,MS
All,water,12645110522.842918,lb,MO
All,water,171034403.6682509,lb,MT
All,water,2039888048.9606335,lb,NE
All,water,676893728.2484245,lb,NV
All,water,147365029.4460502,lb,NH
All,water,382594395.2594671,lb,NJ
All,water,152280555.3082041,lb,NM
All,water,1388550198.7468455,lb,NY
All,water,6808926816.673712,lb,NC
All,water,195721807.14815137,lb,ND
All,water,15101753794.301983,lb,OH
All,water,1633506901.4386082,lb,OK
All,water,146122290.51360542,lb,OR
All,water,4563925366.637941,lb,PA
All,water,24281983.836340204,lb,RI
All,water,169128273.4130069,lb,SC
All,water,55235035.632650696,lb,SD
All,water,1427835048.5948143,lb,TN
All,water,9170206429.03013,lb,TX
All,water,529496254.17916274,lb,UT
All,water,27010175.58064996,lb,VT
All,water,719621328.1412053,lb,VA
All,water,53847917.34994116,lb,WA
All,water,2758023392.8615212,lb,WV
All,water,244999947.98433667,lb,WI
All,water,34434378299.061356,lb,WY
