FlowName,Compartment,Amount,Unit,State
All,water,2454854267.5478754,lb,AL
All,water,93902247.84908752,lb,AK
All,water,950167654.1064512,lb,AZ
All,water,469096351.21463543,lb,AR
All,water,3196494048.41015,lb,CA
All,water,753014335.8374145,lb,CO
All,water,207257821.33711612,lb,CT
All,water,8922136.83622353,lb,DE
All,water,3857941120.3976564,lb,FL
All,water,213303526.86686987,lb,GA
All,water,15426469.348824224,lb,HI
All,water,112517544.35890758,lb,ID
All,water,977751562.0400257,lb,IL
All,water,2107881300.314179,lb,IN
All,water,257334419.47413322,lb,IA
All,water,232708012.73092976,lb,KS
All,water,683843360.5883656,lb,KY
All,water,6900445616.818778,lb,LA
All,water,88599993.42636417,lb,ME
All,water,160601463.17716518,lb,MD
All,water,19560311830.316814,lb,MA
All,water,1739373501.2634144,lb,MI
All,water,2077124431.3867342,lb,MN
All,water,194701932.09947878,lb,MS
All,water,9741599842.153358,lb,MO
All,water,116566640.42073536,lb,MT
All,water,4466766034.075957,lb,NE
All,water,699351858.3642809,lb,NV
All,water,270854476.59055346,lb,NH
All,water,346057572.40519637,lb,NJ
All,water,45691174.39925691,lb,NM
All,water,1286535793.037735,lb,NY
All,water,4392620434.47153,lb,NC
All,water,109232175.27893502,lb,ND
All,water,6672169370.15756,lb,OH
All,water,1504455188.9879394,lb,OK
All,water,46665375.97704088,lb,OR
All,water,3548534317.8883305,lb,PA
All,water,20540995.43716482,lb,RI
All,water,459039215.19761217,lb,SC
All,water,126701444.45605788,lb,SD
All,water,2011005265.4267173,lb,TN
All,water,22618047150.708057,lb,TX
All,water,7429085490.0612545,lb,UT
All,water,50066747.086352296,lb,VT
All,water,5115869020.028231,lb,VA
All,water,108157057.4885384,lb,WA
All,water,3748297467.6768136,lb,WV
All,water,202966909.32389107,lb,WI
All,water,2414068878.2098174,lb,WY
