FlowName,Compartment,Amount,Unit,State
All,water,1676765896.2720437,lb,AL
All,water,175101701.66517282,lb,AK
All,water,632875466.8274606,lb,AZ
All,water,541489002.3878924,lb,AR
All,water,2886590955.888578,lb,CA
All,water,566159323.7594334,lb,CO
All,water,110575895.3538228,lb,CT
All,water,127402462.89526884,lb,DE
All,water,4466477491.204885,lb,FL
All,water,217985769.45015863,lb,GA
All,water,386303043.0969705,lb,HI
All,water,87489390.62588798,lb,ID
All,water,894608924.5673629,lb,IL
All,water,1789550467.3258924,lb,IN
All,water,66886298.81097706,lb,IA
All,water,295295326.0986612,lb,KS
All,water,632653813.7679706,lb,KY
All,water,6162551215.057358,lb,LA
All,water,84216156.0544047,lb,ME
All,water,134524782.40388674,lb,MD
All,water,1637164196.6063933,lb,MA
All,water,1131685228.1277823,lb,MI
All,water,1017968699.3736587,lb,MN
All,water,359185304.8107174,lb,MS
All,water,7446555171.195324,lb,MO
All,water,179498582.8190378,lb,MT
All,water,3286905226.7095213,lb,NE
All,water,570801094.271217,lb,NV
All,water,104764034.56302361,lb,NH
All,water,288371364.79389626,lb,NJ
All,water,36126770.02547955,lb,NM
All,water,1032064942.0301898,lb,NY
All,water,533613011.8988203,lb,NC
All,water,83766534.46993162,lb,ND
All,water,7581085258.199971,lb,OH
All,water,538020827.0644768,lb,OK
All,water,56226264.21940761,lb,OR
All,water,2940697109.8125596,lb,PA
All,water,34690553.65943235,lb,RI
All,water,93603147.78325781,lb,SC
All,water,34626952.43468207,lb,SD
All,water,1490458288.8365405,lb,TN
All,water,3988592866.480292,lb,TX
All,water,593979825.2902135,lb,UT
All,water,14776773.73065152,lb,VT
All,water,773537866.8024797,lb,VA
All,water,93362306.78618114,lb,WA
All,water,3283741524.892934,lb,WV
All,water,169147506.05720872,lb,WI
All,water,4617444629.88654,lb,WY
