FlowName,Compartment,Amount,Unit,State
All,water,3721502121.311414,lb,AL
All,water,128570637.7426449,lb,AK
All,water,1001138993.797573,lb,AZ
All,water,488448549.7573255,lb,AR
All,water,2807045616.7805376,lb,CA
All,water,666505427.1399393,lb,CO
All,water,107352128.48992455,lb,CT
All,water,7256871.406290737,lb,DE
All,water,2632451228.018403,lb,FL
All,water,247605422.47250056,lb,GA
All,water,427739878.73565185,lb,HI
All,water,95967845.97709633,lb,ID
All,water,1267836274.2116935,lb,IL
All,water,1768210687.6514404,lb,IN
All,water,113584609.82711825,lb,IA
All,water,267286967.8167301,lb,KS
All,water,755299676.4819658,lb,KY
All,water,8540647256.475971,lb,LA
All,water,80482169.21158992,lb,ME
All,water,268385149.643238,lb,MD
All,water,2595894979.9185953,lb,MA
All,water,2725504185.5112796,lb,MI
All,water,2126273219.4076705,lb,MN
All,water,298501240.6500823,lb,MS
All,water,4788904780.183927,lb,MO
All,water,140440862.95399222,lb,MT
All,water,14243541581.84322,lb,NE
All,water,634003162.9712198,lb,NV
All,water,207633639.3320215,lb,NH
All,water,295362226.64866006,lb,NJ
All,water,171690237.68275183,lb,NM
All,water,859619719.230428,lb,NY
All,water,3922818996.4144692,lb,NC
All,water,136870919.40997788,lb,ND
All,water,5890405062.756164,lb,OH
All,water,1385558771.8189807,lb,OK
All,water,43144470.63950438,lb,OR
All,water,2629744894.719524,lb,PA
All,water,1846425726.1157105,lb,RI
All,water,75397691.45042586,lb,SC
All,water,50530349.00860874,lb,SD
All,water,1501574574.735357,lb,TN
All,water,22829974447.707474,lb,TX
All,water,642808737.0746373,lb,UT
All,water,11813983.486863837,lb,VT
All,water,477838999.9252472,lb,VA
All,water,82558732.78600329,lb,WA
All,water,2510945110.201246,lb,WV
All,water,158859220.10791498,lb,WI
All,water,27323833586.711422,lb,WY
