state_name,FlowAmount_kg,State
WYOMING,6577089.365,WY
WISCONSIN,156685319.55384,WI
WEST VIRGINIA,47326013.516320005,WV
WASHINGTON,122888152.06514001,WA
VIRGINIA,56639172.057160005,VA
VERMONT,261286441.63006002,VT
UTAH,30934999.634,UT
TEXAS,14776866424.73118,TX
TENNESSEE,43323514.443440005,TN
SOUTH DAKOTA,1739073.1465800002,SD
SOUTH CAROLINA,140246224.88030002,SC
RHODE ISLAND,6578903.73448,RI
PENNSYLVANIA,266664232.76878002,PA
OREGON,47926569.8142,OR
OKLAHOMA,95531996.23044,OK
OHIO,1552710185.4418,OH
NORTH DAKOTA,240450222.52174002,ND
NORTH CAROLINA,73620763.20522,NC
NEW YORK,255153872.78766,NY
NEW MEXICO,5108357.27094,NM
NEW JERSEY,302821894.95096004,NJ
NEW HAMPSHIRE,3369284.1243600002,NH
NEVADA,11921314.668340001,NV
NEBRASKA,24347931.23686,NE
MONTANA,6144362.24402,MT
MISSOURI,264051540.71758002,MO
MISSISSIPPI,1765698111.51426,MS
MINNESOTA,109679542.25074,MN
MICHIGAN,370337304.85598004,MI
MASSACHUSETTS,35478180.81192,MA
MARYLAND,114130190.58518,MD
MAINE,2364123.43244,ME
LOUISIANA,4545160655.02268,LA
KENTUCKY,122566101.48244001,KY
KANSAS,1161265413.24024,KS
IOWA,51660542.20404,IA
INDIANA,839110504.29514,IN
ILLINOIS,545731495.30284,IL
IDAHO,6394745.23226,ID
HAWAII,439652569.28516,HI
GEORGIA,156717978.20448,GA
FLORIDA,82537482.01468,FL
DELAWARE,11409662.47498,DE
CONNECTICUT,32603312.370860003,CT
COLORADO,36686550.8856,CO
CALIFORNIA,288530106.557,CA
ARKANSAS,307266192.99222,AR
ARIZONA,35104420.69904,AZ
ALASKA,3596987.4941000002,AK
ALABAMA,643798165.69684,AL
